time,joint1,joint2,joint3,joint4,joint5,joint6
0.0,4.473415042927087e-05,2.0767397153065303e-05,1.9848669277067188e-05,-2.78062466145812e-05,8.426700873087611e-06,5.732106429334749e-05
0.01,4.3087415071162034e-05,-2.6411057676731225e-05,0.00012787980774435048,0.00047219375338541686,6.803899981290884e-05,-0.00019218576796496722
0.02,4.14406797130532e-05,-7.358951250652775e-05,0.00023591094621163374,0.0009721937533854149,0.00012765129875273008,-0.0004416926002232819
0.03,3.9793944354944365e-05,-0.00012076796733632427,0.000343942084678917,0.001472193753385413,0.0001872635976925513,-0.0006911994324815966
0.04,3.814720899683553e-05,-0.0001679464221661208,0.0004519732231462003,0.001972193753385411,0.00024687589663237254,-0.0009407062647399113
0.05,3.6500473638726695e-05,-0.00021512487699591734,0.0005600043616134836,0.0024721937533854093,0.0003064881955721938,-0.0011902130969982262
0.06,3.485373828061786e-05,-0.00026230333182571385,0.0006680355000807668,0.002972193753385407,0.000366100494512015,-0.0014397199292565408
0.07,3.320700292250903e-05,-0.00030948178665551044,0.0007760666385480502,0.003472193753385406,0.0004257127934518363,-0.0016892267615148558
0.08,3.156026756440019e-05,-0.0003566602414853069,0.0008840977770153334,0.003972193753385403,0.0004853250923916575,-0.0019387335937731702
0.09,2.9913532206291363e-05,-0.00040383869631510346,0.0009921289154826167,0.004472193753385401,0.0005449373913314787,-0.002188240426031485
0.1,2.8266796848182524e-05,-0.0004510171511449,0.0011001600539499,0.0049721937533854,0.0006045496902713,-0.0024377472582898
0.11,2.3326590773856006e-05,-0.00059255251563432,0.0014242534693517798,0.0064721937533853986,0.0007833865870907699,-0.0031862677550647594
0.12,1.838638469952949e-05,-0.0007340878801237399,0.0017483468847536597,0.007972193753385398,0.0009622234839102398,-0.003934788251839719
0.13,1.3446178625202965e-05,-0.00087562324461316,0.00207244030015554,0.0094721937533854,0.00114106038072971,-0.0046833087486146795
0.14,8.505972550876442e-06,-0.0010171586091025802,0.00239653371555742,0.0109721937533854,0.0013198972775491803,-0.00543182924538964
0.15,3.565766476549931e-06,-0.001158693973592,0.0027206271309592996,0.012472193753385399,0.0014987341743686498,-0.006180349742164599
0.16,-1.374439597776594e-06,-0.00130022933808142,0.0030447205463611793,0.0139721937533854,0.00167757107118812,-0.006928870238939559
0.17,-6.314645672103115e-06,-0.0014417647025708402,0.00336881396176306,0.015472193753385401,0.0018564079680075901,-0.00767739073571452
0.18,-1.1254851746429627e-05,-0.0015833000670602598,0.0036929073771649395,0.0169721937533854,0.00203524486482706,-0.008425911232489479
0.19,-1.619505782075615e-05,-0.00172483543154968,0.004017000792566819,0.0184721937533854,0.0022140817616465303,-0.009174431729264439
0.2,-2.1135263895082676e-05,-0.0018663707960391,0.0043410942079687,0.0199721937533854,0.002392918658466,-0.0099229522260394
0.21,-2.9368940685624394e-05,-0.0021022630701881396,0.004881249900305169,0.022472193753385404,0.0026909801531651194,-0.011170486387330997
0.22,-3.760261747616614e-05,-0.00233815534433718,0.0054214055926416396,0.024972193753385417,0.0029890416478642397,-0.012418020548622599
0.23,-4.5836294266707884e-05,-0.00257404761848622,0.00596156128497811,0.02747219375338543,0.00328710314256336,-0.0136655547099142
0.24,-5.40699710572496e-05,-0.00280993989263526,0.006501716977314579,0.029972193753385435,0.00358516463726248,-0.0149130888712058
0.25,-6.230364784779134e-05,-0.0030458321667843,0.00704187266965105,0.03247219375338545,0.0038832261319615997,-0.0161606230324974
0.26,-7.053732463833308e-05,-0.0032817244409333404,0.007582028361987521,0.034972193753385464,0.00418128762666072,-0.017408157193789003
0.27,-7.877100142887484e-05,-0.0035176167150823808,0.00812218405432399,0.03747219375338547,0.004479349121359841,-0.018655691355080606
0.28,-8.700467821941656e-05,-0.0037535089892314208,0.008662339746660462,0.03997219375338548,0.004777410616058961,-0.019903225516372205
0.29,-9.523835500995826e-05,-0.00398940126338046,0.00920249543899693,0.042472193753385484,0.005075472110758079,-0.021150759677663798
0.3,-0.0001034720318005,-0.0042252935375295,0.0097426511313334,0.0449721937533855,0.0053735336054572,-0.0223982938389554
0.31,-0.00011499917930726001,-0.00455554272133814,0.010498869100604461,0.04847219375338553,0.00579081969803597,-0.024144841664763644
0.32,-0.00012652632681402003,-0.00488579190514678,0.01125508706987552,0.05197219375338556,0.0062081057906147406,-0.025891389490571882
0.33,-0.00013805347432078004,-0.0052160410889554205,0.012011305039146582,0.05547219375338559,0.006625391883193511,-0.027637937316380125
0.34,-0.00014958062182754005,-0.00554629027276406,0.012767523008417641,0.058972193753385624,0.007042677975772281,-0.029384485142188364
0.35000000000000003,-0.00016110776933430006,-0.005876539456572701,0.013523740977688702,0.062472193753385655,0.007459964068351052,-0.031131032967996606
0.36,-0.00017263491684105998,-0.0062067886403813395,0.01427995894695976,0.06597219375338567,0.007877250160929819,-0.03287758079380484
0.37,-0.00018416206434782,-0.006537037824189979,0.015036176916230819,0.0694721937533857,0.008294536253508589,-0.03462412861961307
0.38,-0.00019568921185458,-0.006867287007998619,0.015792394885501878,0.07297219375338573,0.00871182234608736,-0.036370676445421316
0.39,-0.00020721635936134,-0.007197536191807259,0.016548612854772937,0.07647219375338576,0.00912910843866613,-0.03811722427122956
0.4,-0.0002187435068681,-0.0075277853756159,0.017304830824044,0.0799721937533858,0.0095463945312449,-0.0398637720970378
0.41000000000000003,-0.00023356412509108003,-0.00795239146908416,0.01827711107024964,0.08447219375338583,0.01008290522170332,-0.042109333587362685
0.42,-0.00024838474331406,-0.008376997562552418,0.019249391316455276,0.08897219375338584,0.010619415912161739,-0.044354895077687556
0.43,-0.00026320536153703997,-0.008801603656020679,0.020221671562660918,0.09347219375338588,0.011155926602620159,-0.046600456568012434
0.44,-0.00027802597976001996,-0.009226209749488939,0.02119395180886656,0.09797219375338591,0.01169243729307858,-0.04884601805833732
0.45,-0.000292846597983,-0.0096508158429572,0.022166232055072198,0.10247219375338595,0.012228947983537,-0.0510915795486622
0.46,-0.00030766721620598,-0.01007542193642546,0.02313851230127784,0.10697219375338599,0.012765458673995422,-0.05333714103898708
0.47000000000000003,-0.00032248783442896006,-0.010500028029893721,0.02411079254748348,0.11147219375338602,0.013301969364453842,-0.05558270252931197
0.48,-0.00033730845265193994,-0.01092463412336198,0.025083072793689116,0.11597219375338602,0.013838480054912259,-0.05782826401963684
0.49,-0.00035212907087491994,-0.01134924021683024,0.026055353039894757,0.12047219375338605,0.01437499074537068,-0.060073825509961716
0.5,-0.0003669496890979,-0.0117738463102985,0.0270276332861004,0.1249721937533861,0.0149115014358291,-0.0623193870002866
0.51,-0.00038506377803709997,-0.01229280931342637,0.02821597580924062,0.1304721937533861,0.01556723672416716,-0.06506396215512811
0.52,-0.0004031778669763,-0.01281177231655424,0.02940431833238084,0.13597219375338607,0.01622297201250522,-0.06780853730996961
0.53,-0.0004212919559155,-0.013330735319682109,0.03059266085552106,0.14147219375338607,0.01687870730084328,-0.07055311246481111
0.54,-0.00043940604485469997,-0.013849698322809979,0.03178100337866128,0.14697219375338605,0.01753444258918134,-0.07329768761965261
0.55,-0.0004575201337939,-0.01436866132593785,0.0329693459018015,0.15247219375338605,0.0181901778775194,-0.07604226277449411
0.56,-0.0004756342227331,-0.01488762432906572,0.03415768842494172,0.15797219375338603,0.01884591316585746,-0.0787868379293356
0.5700000000000001,-0.0004937483116723,-0.015406587332193588,0.03534603094808194,0.16347219375338604,0.01950164845419552,-0.0815314130841771
0.58,-0.0005118624006114998,-0.015925550335321455,0.03653437347122215,0.16897219375338596,0.020157383742533574,-0.08427598823901858
0.59,-0.0005299764895506998,-0.016444513338449325,0.03772271599436237,0.17447219375338596,0.020813119030871633,-0.08702056339386008
0.6,-0.0005480905784898997,-0.016963476341577192,0.03891105851750259,0.17997219375338594,0.021468854319209692,-0.08976513854870158
0.61,-0.0005694981363895198,-0.01757679620406189,0.040315463202392036,0.18647219322027406,0.022243814141867352,-0.0930087271020296
0.62,-0.0005909056942891398,-0.018190116066546594,0.04171986788728149,0.1929721926871622,0.02301877396452501,-0.09625231565535766
0.63,-0.0006123132521887599,-0.018803435929031293,0.04312427257217094,0.19947219215405035,0.023793733787182674,-0.0994959042086857
0.64,-0.0006337208100883798,-0.019416755791515996,0.04452867725706039,0.2059721916209385,0.024568693609840334,-0.10273949276201375
0.65,-0.0006551283679879999,-0.020030075654000695,0.045933081941949845,0.2124721910878266,0.025343653432497996,-0.10598308131534179
0.66,-0.0006765359258876199,-0.020643395516485395,0.047337486626839294,0.21897219055471476,0.026118613255155656,-0.10922666986866983
0.67,-0.0006979434837872399,-0.021256715378970097,0.04874189131172875,0.2254721900216029,0.026893573077813315,-0.11247025842199787
0.68,-0.0007193510416868599,-0.021870035241454797,0.0501462959966182,0.23197218948849102,0.027668532900470978,-0.11571384697532591
0.6900000000000001,-0.00074075859958648,-0.0224833551039395,0.05155070068150765,0.23847218895537917,0.02844349272312864,-0.11895743552865395
0.7000000000000001,-0.0007621661574861,-0.0230966749664242,0.0529551053663971,0.2449721884222673,0.0292184525457863,-0.122201024081982
0.71,-0.0007868671855460098,-0.0238043517226411,0.05457557229174992,0.2524721877203559,0.03011263694619855,-0.12594362621559338
0.72,-0.0008115682136059198,-0.024512028478858014,0.05619603921710275,0.25997218701844454,0.031006821346610813,-0.1296862283492048
0.73,-0.0008362692416658298,-0.025219705235074923,0.05781650614245558,0.26747218631653324,0.03190100574702307,-0.13342883048281623
0.74,-0.0008609702697257398,-0.025927381991291833,0.05943697306780841,0.2749721856146219,0.03279519014743534,-0.13717143261642764
0.75,-0.0008856712977856499,-0.026635058747508746,0.06105743999316124,0.2824721849127106,0.033689374547847595,-0.14091403475003908
0.76,-0.0009103723258455598,-0.027342735503725655,0.06267790691851408,0.28997218421079923,0.03458355894825985,-0.1446566368836505
0.77,-0.0009350733539054698,-0.028050412259942568,0.0642983738438669,0.29747218350888793,0.03547774334867212,-0.14839923901726193
0.78,-0.0009597743819653799,-0.028758089016159477,0.06591884076921974,0.3049721828069766,0.036371927749084376,-0.15214184115087334
0.79,-0.0009844754100252898,-0.02946576577237639,0.06753930769457256,0.3124721821050652,0.03726611214949664,-0.15588444328448475
0.8,-0.0010091764380852,-0.0301734425285933,0.0691597746199254,0.3199721814031539,0.0381602965499089,-0.1596270454180962
0.81,-0.00103717093603819,-0.03097547617088734,0.07099630376821271,0.32847218045131416,0.03917370551840318,-0.16386866109150655
0.8200000000000001,-0.0010651654339911799,-0.03177750981318138,0.07283283291650001,0.33697217949947433,0.04018711448689746,-0.1681102767649169
0.8300000000000001,-0.00109315993194417,-0.032579543455475424,0.07466936206478733,0.34547217854763457,0.04120052345539174,-0.17235189243832727
0.84,-0.0011211544298971596,-0.033381577097769455,0.07650589121307463,0.3539721775957947,0.04221393242388601,-0.17659350811173757
0.85,-0.0011491489278501498,-0.03418361074006349,0.07834242036136194,0.36247217664395487,0.0432273413923803,-0.18083512378514793
0.86,-0.0011771434258031398,-0.03498564438235753,0.08017894950964925,0.3709721756921151,0.044240750360874576,-0.1850767394585583
0.87,-0.0012051379237561298,-0.035787678024651576,0.08201547865793657,0.3794721747402753,0.04525415932936886,-0.18931835513196862
0.88,-0.00123313242170912,-0.036589711666945614,0.08385200780622387,0.3879721737884355,0.04626756829786314,-0.19355997080537898
0.89,-0.00126112691966211,-0.03739174530923966,0.08568853695451119,0.39647217283659575,0.047280977266357424,-0.19780158647878934
0.9,-0.0012891214176151,-0.0381937789515337,0.0875250661027985,0.4049721718847559,0.0482943862348517,-0.2020432021521997
0.91,-0.0013204093824433299,-0.03909016939344417,0.08957765727603906,0.41447216976667206,0.04942701966218066,-0.20678383090815497
0.92,-0.00135169734727156,-0.03998655983535464,0.09163024844927961,0.4239721676485882,0.050559653089509625,-0.21152445966411024
0.93,-0.00138298531209979,-0.04088295027726511,0.09368283962252016,0.4334721655305043,0.05169228651683858,-0.2162650884200655
0.9400000000000001,-0.0014142732769280202,-0.041779340719175585,0.09573543079576072,0.44297216341242046,0.05282491994416755,-0.22100571717602077
0.9500000000000001,-0.0014455612417562502,-0.042675731161086056,0.09778802196900126,0.45247216129433665,0.053957553371496506,-0.225746345931976
0.96,-0.00147684920658448,-0.04357212160299651,0.0998406131422418,0.4619721591762527,0.055090186798825456,-0.23048697468793122
0.97,-0.0015081371714127099,-0.04446851204490698,0.10189320431548235,0.4714721570581688,0.05622282022615442,-0.2352276034438865
0.98,-0.0015394251362409398,-0.04536490248681746,0.10394579548872289,0.48097215494008494,0.05735545365348338,-0.23996823219984176
0.99,-0.00157071310106917,-0.04626129292872793,0.10599838666196344,0.4904721528220011,0.05848808708081234,-0.24470886095579703
1.0,-0.0016020010658974,-0.0471576833706384,0.108050977835204,0.4999721507039172,0.0596207205081413,-0.2494494897117523
1.01,-0.00163658250076637,-0.04814843070285676,0.11031963124106675,0.5104721483807426,0.06087257850889804,-0.2546891320298811
1.02,-0.00167116393563534,-0.04913917803507512,0.11258828464692952,0.520972146057568,0.06212443650965478,-0.2599287743480099
1.03,-0.00170574537050431,-0.05012992536729348,0.11485693805279228,0.5314721437343933,0.06337629451041152,-0.2651684166661387
1.04,-0.00174032680537328,-0.05112067269951184,0.11712559145865503,0.5419721414112187,0.06462815251116825,-0.27040805898426756
1.05,-0.00177490824024225,-0.0521114200317302,0.1193942448645178,0.5524721390880442,0.065880010511925,-0.27564770130239635
1.06,-0.00180948967511122,-0.05310216736394856,0.12166289827038056,0.5629721367648696,0.06713186851268174,-0.28088734362052514
1.07,-0.00184407110998019,-0.05409291469616692,0.12393155167624331,0.573472134441695,0.06838372651343848,-0.286126985938654
1.08,-0.00187865254484916,-0.05508366202838528,0.12620020508210608,0.5839721321185203,0.06963558451419521,-0.2913666282567828
1.09,-0.00191323397971813,-0.05607440936060364,0.12846885848796882,0.5944721297953457,0.07088744251495196,-0.2966062705749116
1.1,-0.0019478154145871,-0.057065156692822,0.1307375118938316,0.6049721274721711,0.0721393005157087,-0.3018459128930404
1.11,-0.00198569031733207,-0.05815026085332825,0.13322222739030068,0.6164721242866144,0.07351038301152793,-0.3075845684453454
1.12,-0.00202356522007704,-0.05923536501383451,0.13570694288676977,0.6279721211010576,0.07488146550734714,-0.3133232239976504
1.1300000000000001,-0.0020614401228220103,-0.06032046917434076,0.13819165838323885,0.6394721179155007,0.07625254800316637,-0.31906187954995535
1.1400000000000001,-0.0020993150255669804,-0.06140557333484701,0.14067637387970794,0.650972114729944,0.0776236304989856,-0.3248005351022603
1.1500000000000001,-0.0021371899283119506,-0.06249067749535327,0.14316108937617703,0.6624721115443872,0.07899471299480482,-0.33053919065456533
1.16,-0.00217506483105692,-0.06357578165585949,0.14564580487264606,0.6739721083588303,0.08036579549062402,-0.3362778462068702
1.17,-0.0022129397338018896,-0.06466088581636574,0.14813052036911514,0.6854721051732735,0.08173687798644323,-0.34201650175917514
1.18,-0.0022508146365468598,-0.065745989976872,0.15061523586558423,0.6969721019877166,0.08310796048226246,-0.3477551573114801
1.19,-0.00228868953929183,-0.06683109413737826,0.15309995136205332,0.7084720988021599,0.08447904297808168,-0.3534938128637851
1.2,-0.0023265644420368,-0.0679161982978845,0.1555846668585224,0.7199720956166031,0.0858501254739009,-0.3592324684160901
1.21,-0.00236773281429867,-0.06909565933369055,0.15828544455324758,0.732472092066899,0.08734043252418446,-0.36547013745119716
1.22,-0.00240890118656054,-0.07027512036949661,0.16098622224797277,0.7449720885171949,0.088830739574468,-0.3717078064863043
1.23,-0.0024500695588224103,-0.07145458140530266,0.16368699994269795,0.7574720849674909,0.09032104662475156,-0.37794547552141144
1.24,-0.0024912379310842803,-0.0726340424411087,0.16638777763742313,0.7699720814177867,0.09181135367503511,-0.38418314455651853
1.25,-0.0025324063033461503,-0.07381350347691476,0.1690885553321483,0.7824720778680826,0.09330166072531865,-0.3904208135916256
1.26,-0.00257357467560802,-0.0749929645127208,0.1717893330268735,0.7949720743183785,0.0947919677756022,-0.39665848262673276
1.27,-0.00261474304786989,-0.07617242554852685,0.17449011072159865,0.8074720707686743,0.09628227482588575,-0.4028961516618399
1.28,-0.00265591142013176,-0.0773518865843329,0.17719088841632383,0.8199720672189703,0.0977725818761693,-0.409133820696947
1.29,-0.00269707979239363,-0.07853134762013896,0.179891666111049,0.8324720636692662,0.09926288892645285,-0.41537148973205407
1.3,-0.0027382481646555,-0.079710808655945,0.1825924438057742,0.844972060119562,0.1007531959767364,-0.4216091587671612
1.31,-0.0027827100064019704,-0.08098462656612504,0.18550928369663552,0.858472056195899,0.10236272758031449,-0.4283458412801743
1.32,-0.0028271718481484402,-0.08225844447630509,0.18842612358749683,0.8719720522722358,0.10397225918389257,-0.4350825237931874
1.33,-0.0028716336898949105,-0.08353226238648513,0.19134296347835816,0.8854720483485727,0.10558179078747065,-0.4418192063062005
1.34,-0.0029160955316413807,-0.08480608029666517,0.1942598033692195,0.8989720444249096,0.10719132239104874,-0.44855588881921354
1.35,-0.0029605573733878505,-0.08607989820684522,0.19717664326008083,0.9124720405012465,0.10880085399462681,-0.4552925713322266
1.36,-0.0030050192151343208,-0.08735371611702526,0.20009348315094214,0.9259720365775834,0.1104103855982049,-0.46202925384523974
1.37,-0.0030494810568807906,-0.0886275340272053,0.20301032304180347,0.9394720326539203,0.11201991720178299,-0.4687659363582528
1.3800000000000001,-0.003093942898627261,-0.08990135193738534,0.2059271629326648,0.9529720287302572,0.11362944880536106,-0.4755026188712659
1.3900000000000001,-0.003138404740373731,-0.0911751698475654,0.20884400282352614,0.9664720248065942,0.11523898040893915,-0.48223930138427895
1.4000000000000001,-0.003182866582120201,-0.09244898775774543,0.21176084271438747,0.9799720208829311,0.11684851201251724,-0.4889759838972921
1.41,-0.0032306218920974002,-0.09381716250637645,0.21489374471912695,0.9944720162045948,0.11857726812399935,-0.49621167969822955
1.42,-0.0032783772020746,-0.09518533725500751,0.2180266467238665,1.0089720115262588,0.12030602423548152,-0.5034473754991672
1.43,-0.0033261325120518,-0.09655351200363856,0.22115954872860608,1.0234720068479226,0.12203478034696368,-0.5106830713001048
1.44,-0.003373887822029,-0.0979216867522696,0.22429245073334564,1.0379720021695866,0.12376353645844584,-0.5179187671010425
1.45,-0.0034216431320062,-0.09928986150090066,0.22742535273808517,1.0524719974912506,0.125492292569928,-0.5251544629019801
1.46,-0.0034693984419834002,-0.10065803624953171,0.23055825474282474,1.0669719928129147,0.12722104868141015,-0.5323901587029177
1.47,-0.0035171537519606,-0.10202621099816275,0.2336911567475643,1.0814719881345787,0.1289498047928923,-0.5396258545038554
1.48,-0.0035649090619378,-0.1033943857467938,0.23682405875230386,1.0959719834562425,0.1306785609043745,-0.546861550304793
1.49,-0.003612664371915,-0.10476256049542486,0.23995696075704342,1.1104719787779065,0.13240731701585665,-0.5540972461057306
1.5,-0.0036604196818922,-0.1061307352440559,0.243089862761783,1.1249719740995705,0.1341360731273388,-0.5613329419066683
1.51,-0.0037114684613744403,-0.1075932668676471,0.24643882696400088,1.1404719690534875,0.1359840537928561,-0.5690676511886118
1.52,-0.00376251724085668,-0.10905579849123831,0.2497877911662188,1.1559719640074044,0.13783203445837344,-0.5768023604705552
1.53,-0.00381356602033892,-0.1105183301148295,0.25313675536843666,1.1714719589613214,0.13968001512389078,-0.5845370697524988
1.54,-0.00386461479982116,-0.1119808617384207,0.2564857195706546,1.1869719539152384,0.14152799578940808,-0.5922717790344423
1.55,-0.0039156635793034,-0.1134433933620119,0.2598346837728725,1.2024719488691553,0.1433759764549254,-0.6000064883163858
1.56,-0.00396671235878564,-0.1149059249856031,0.26318364797509036,1.2179719438230725,0.14522395712044273,-0.6077411975983292
1.57,-0.00401776113826788,-0.1163684566091943,0.2665326121773083,1.2334719387769895,0.14707193778596006,-0.6154759068802728
1.58,-0.00406880991775012,-0.1178309882327855,0.2698815763795262,1.2489719337309064,0.14891991845147737,-0.6232106161622163
1.59,-0.00411985869723236,-0.1192935198563767,0.27323054058174406,1.2644719286848234,0.15076789911699467,-0.6309453254441597
1.6,-0.0041709074767146,-0.1207560514799679,0.276579504783962,1.2799719236387403,0.152615879782512,-0.6386800347261032
1.61,-0.00422524972520554,-0.1223129399642987,0.2801445311510955,1.2964719180742004,0.15458308498409615,-0.6469137574138463
1.62,-0.0042795919736964795,-0.12386982844862952,0.28370955751822896,1.3129719125096604,0.15655029018568029,-0.6551474801015893
1.6300000000000001,-0.00433393422218742,-0.12542671693296034,0.2872745838853624,1.3294719069451204,0.15851749538726442,-0.6633812027893324
1.6400000000000001,-0.00438827647067836,-0.12698360541729115,0.29083961025249594,1.3459719013805804,0.16048470058884856,-0.6716149254770755
1.6500000000000001,-0.004442618719169299,-0.12854049390162195,0.29440463661962946,1.3624718958160402,0.1624519057904327,-0.6798486481648185
1.6600000000000001,-0.00449696096766024,-0.13009738238595275,0.2979696629867629,1.3789718902515002,0.16441911099201684,-0.6880823708525615
1.67,-0.004551303216151178,-0.13165427087028353,0.3015346893538963,1.39547188468696,0.16638631619360092,-0.6963160935403044
1.68,-0.004605645464642118,-0.13321115935461433,0.30509971572102984,1.41197187912242,0.16835352139518506,-0.7045498162280475
1.69,-0.004659987713133059,-0.13476804783894517,0.3086647420881633,1.4284718735578799,0.17032072659676922,-0.7127835389157905
1.7,-0.004714329961623999,-0.13632493632327597,0.3122297684552968,1.4449718679933399,0.17228793179835333,-0.7210172616035335
1.71,-0.004771567137229419,-0.13796476356727655,0.31598471135663037,1.462350852213109,0.17435993420351206,-0.7296896122046174
1.72,-0.004828804312834839,-0.13960459081127713,0.3197396542579639,1.4797298364328781,0.17643193660867076,-0.7383619628057011
1.73,-0.004886041488440259,-0.1412444180552777,0.32349459715929746,1.4971088206526473,0.1785039390138295,-0.7470343134067848
1.74,-0.004943278664045679,-0.1428842452992783,0.327249540060631,1.5144878048724164,0.1805759414189882,-0.7557066640078686
1.75,-0.005000515839651099,-0.14452407254327887,0.33100448296196455,1.5318667890921855,0.18264794382414692,-0.7643790146089524
1.76,-0.00505775301525652,-0.14616389978727945,0.3347594258632981,1.5492457733119545,0.18471994622930563,-0.7730513652100361
1.77,-0.00511499019086194,-0.14780372703128006,0.33851436876463165,1.5666247575317236,0.18679194863446436,-0.7817237158111199
1.78,-0.00517222736646736,-0.14944355427528064,0.3422693116659652,1.5840037417514927,0.18886395103962306,-0.7903960664122036
1.79,-0.00522946454207278,-0.15108338151928122,0.34602425456729874,1.6013827259712619,0.19093595344478176,-0.7990684170132875
1.8,-0.0052867017176782,-0.1527232087632818,0.3497791974686323,1.618761710191031,0.1930079558499405,-0.8077407676143712
1.81,-0.00534204607139847,-0.15430880725014195,0.3534099651634509,1.6355659748980895,0.1950114375523027,-0.8161263253253481
1.82,-0.005397390425118741,-0.1558944057370021,0.3570407328582695,1.6523702396051483,0.1970149192546649,-0.824511883036325
1.83,-0.0054527347788390105,-0.15748000422386227,0.3606715005530881,1.6691745043122068,0.19901840095702714,-0.832897440747302
1.84,-0.00550807913255928,-0.15906560271072243,0.3643022682479067,1.6859787690192654,0.20102188265938936,-0.8412829984582788
1.85,-0.005563423486279551,-0.16065120119758258,0.3679330359427253,1.702783033726324,0.20302536436175156,-0.8496685561692557
1.86,-0.005618767839999821,-0.16223679968444274,0.3715638036375439,1.7195872984333826,0.20502884606411378,-0.8580541138802327
1.87,-0.005674112193720091,-0.1638223981713029,0.3751945713323625,1.7363915631404412,0.207032327766476,-0.8664396715912096
1.8800000000000001,-0.005729456547440361,-0.16540799665816303,0.3788253390271811,1.7531958278474997,0.2090358094688382,-0.8748252293021865
1.8900000000000001,-0.005784800901160631,-0.16699359514502318,0.3824561067219997,1.7700000925545583,0.21103929117120043,-0.8832107870131635
1.9000000000000001,-0.005840145254880901,-0.16857919363188334,0.38608687441681827,1.786804357261617,0.21304277287356266,-0.8915963447241404
1.9100000000000001,-0.0058921961378849514,-0.17007043520908385,0.38950157983470224,1.8026086219686754,0.2149270299780452,-0.8994828887706006
1.92,-0.005944247020889,-0.17156167678628434,0.39291628525258615,1.8184128866757334,0.21681128708252767,-0.9073694328170605
1.93,-0.00599629790389305,-0.17305291836348488,0.39633099067047006,1.8342171513827918,0.21869554418701023,-0.9152559768635208
1.94,-0.0060483487868971,-0.1745441599406854,0.39974569608835403,1.8500214160898503,0.22057980129149277,-0.923142520909981
1.95,-0.00610039966990115,-0.1760354015178859,0.403160401506238,1.8658256807969087,0.2224640583959753,-0.9310290649564411
1.96,-0.0061524505529052,-0.17752664309508642,0.40657510692412197,1.8816299455039673,0.22434831550045783,-0.9389156090029013
1.97,-0.00620450143590925,-0.17901788467228694,0.40998981234200593,1.8974342102110258,0.22623257260494037,-0.9468021530493614
1.98,-0.0062565523189133,-0.18050912624948748,0.41340451775988984,1.9132384749180842,0.22811682970942293,-0.9546886970958217
1.99,-0.00630860320191735,-0.182000367826688,0.4168192231777738,1.9290427396251426,0.23000108681390546,-0.9625752411422819
2.0,-0.0063606540849214,-0.1834916094038885,0.4202339285956578,1.944847004332201,0.231885343918388,-0.970461785188742
2.0100000000000002,-0.006409411497209241,-0.18488849407142954,0.4234325717366075,1.959651269039261,0.23365037642499106,-0.9778493155706863
2.02,-0.00645816890949708,-0.18628537873897053,0.426631214877557,1.97445553374632,0.23541540893159407,-0.9852368459526303
2.0300000000000002,-0.006506926321784921,-0.18768226340651156,0.4298298580185067,1.98925979845338,0.23718044143819714,-0.9926243763345746
2.04,-0.0065556837340727606,-0.18907914807405254,0.43302850115945624,2.004064063160439,0.23894547394480012,-1.0000119067165185
2.05,-0.006604441146360599,-0.19047603274159353,0.4362271443004058,2.0188683278674984,0.24071050645140313,-1.0073994370984625
2.06,-0.00665319855864844,-0.19187291740913456,0.4394257874413555,2.033672592574558,0.2424755389580062,-1.0147869674804066
2.07,-0.006701955970936279,-0.19326980207667555,0.44262443058230505,2.048476857281617,0.24424057146460917,-1.0221744978623506
2.08,-0.00675071338322412,-0.19466668674421658,0.44582307372325475,2.0632811219886773,0.24600560397121224,-1.029562028244295
2.09,-0.006799470795511959,-0.19606357141175756,0.4490217168642043,2.0780853866957365,0.24777063647781525,-1.036949558626239
2.1,-0.0068482282077998,-0.1974604560792986,0.452220360005154,2.092889651402796,0.2495356689844183,-1.0443370890081831
2.11,-0.006893692149371409,-0.1987629838371799,0.45520294086916885,2.106693916109855,0.25118147689314163,-1.0512256057256102
2.12,-0.006939156090943021,-0.2000655115950613,0.4581855217331839,2.1204981808169143,0.252827284801865,-1.0581141224430377
2.13,-0.006984620032514629,-0.20136803935294262,0.46116810259719876,2.134302445523973,0.2544730927105883,-1.0650026391604648
2.14,-0.00703008397408624,-0.202670567110824,0.46415068346121374,2.1481067102310325,0.2561189006193117,-1.071891155877892
2.15,-0.007075547915657849,-0.20397309486870532,0.4671332643252286,2.1619109749380914,0.25776470852803496,-1.0787796725953192
2.16,-0.00712101185722946,-0.2052756226265867,0.47011584518924365,2.175715239645151,0.25941051643675833,-1.0856681893127467
2.17,-0.007166475798801069,-0.20657815038446803,0.4730984260532585,2.1895195043522095,0.26105632434548165,-1.0925567060301737
2.18,-0.0072119397403726795,-0.2078806781423494,0.4760810069172735,2.2033237690592693,0.262702132254205,-1.099445222747601
2.19,-0.007257403681944288,-0.20918320590023073,0.47906358778128844,2.217128033766328,0.26434794016292834,-1.106333739465028
2.2,-0.0073028676235159,-0.2104857336581121,0.4820461686453034,2.2309322984733875,0.2659937480716517,-1.1132222561824556
2.21,-0.007345038094371299,-0.2116939045063338,0.48481268723238363,2.243736563180446,0.26752033138249537,-1.119611759235366
2.22,-0.0073872085652267,-0.21290207535455555,0.487579205819464,2.2565408278875054,0.269046914693339,-1.1260012622882767
2.23,-0.0074293790360821,-0.21411024620277724,0.4903457244065442,2.269345092594564,0.2705734980041827,-1.1323907653411869
2.24,-0.007471549506937501,-0.215318417050999,0.4931122429936246,2.282149357301623,0.2721000813150264,-1.1387802683940975
2.25,-0.0075137199777929,-0.2165265878992207,0.4958787615807049,2.2949536220086815,0.27362666462587004,-1.145169771447008
2.2600000000000002,-0.007555890448648301,-0.21773475874744247,0.4986452801677852,2.307757886715741,0.2751532479367137,-1.1515592744999186
2.27,-0.0075980609195037,-0.21894292959566417,0.5014117987548654,2.3205621514227994,0.27667983124755735,-1.157948777552829
2.2800000000000002,-0.007640231390359102,-0.22015110044388592,0.5041783173419458,2.333366416129859,0.27820641455840106,-1.1643382806057396
2.29,-0.007682401861214501,-0.2213592712921076,0.5069448359290261,2.3461706808369174,0.27973299786924466,-1.1707277836586498
2.3000000000000003,-0.007724572332069902,-0.22256744214032936,0.5097113545161064,2.3589749455439764,0.28125958118008837,-1.1771172867115605
2.31,-0.007763449332209081,-0.22368125607889142,0.512261810826252,2.3707792102510346,0.2826669398930523,-1.183007776099954
2.32,-0.00780232633234826,-0.22479507001745347,0.5148122671363976,2.3825834749580928,0.28407429860601624,-1.1888982654883478
2.33,-0.007841203332487442,-0.22590888395601558,0.5173627234465433,2.394387739665152,0.28548165731898023,-1.1947887548767415
2.34,-0.00788008033262662,-0.22702269789457763,0.5199131797566889,2.40619200437221,0.28688901603194417,-1.200679244265135
2.35,-0.007918957332765802,-0.22813651183313974,0.5224636360668347,2.4179962690792687,0.2882963747449082,-1.206569733653529
2.36,-0.00795783433290498,-0.2292503257717018,0.5250140923769802,2.429800533786327,0.28970373345787215,-1.2124602230419226
2.37,-0.007996711333044162,-0.2303641397102639,0.5275645486871259,2.4416047984933855,0.29111109217083614,-1.2183507124303163
2.38,-0.00803558833318334,-0.23147795364882595,0.5301150049972715,2.453409063200444,0.2925184508838001,-1.2242412018187099
2.39,-0.008074465333322522,-0.23259176758738806,0.5326654613074172,2.465213327907503,0.29392580959676406,-1.2301316912071039
2.4,-0.0081133423334617,-0.2337055815259501,0.5352159176175628,2.477017592614561,0.295333168309728,-1.2360221805954974
2.41,-0.00814892586288466,-0.23472503855485258,0.5375503116507738,2.4878218573216193,0.2966213024248123,-1.2414136563193745
2.42,-0.00818450939230762,-0.23574449558375496,0.5398847056839848,2.4986261220286776,0.29790943653989654,-1.2468051320432512
2.43,-0.00822009292173058,-0.23676395261265742,0.5422190997171958,2.509430386735736,0.29919757065498087,-1.2521966077671283
2.44,-0.00825567645115354,-0.23778340964155983,0.5445534937504067,2.520234651442794,0.3004857047700651,-1.257588083491005
2.45,-0.0082912599805765,-0.23880286667046227,0.5468878877836177,2.5310389161498525,0.3017738388851494,-1.262979559214882
2.46,-0.00832684350999946,-0.23982232369936468,0.5492222818168288,2.5418431808569104,0.3030619730002337,-1.2683710349387587
2.47,-0.00836242703942242,-0.24084178072826715,0.5515566758500398,2.5526474455639687,0.30435010711531796,-1.2737625106626358
2.48,-0.00839801056884538,-0.24186123775716956,0.5538910698832507,2.5634517102710266,0.30563824123040223,-1.2791539863865125
2.49,-0.00843359409826834,-0.242880694786072,0.5562254639164618,2.5742559749780853,0.3069263753454865,-1.2845454621103896
2.5,-0.0084691776276913,-0.2439001518149744,0.5585598579496727,2.585060239685143,0.3082145094605708,-1.2899369378342662
2.5100000000000002,-0.008501467686398041,-0.24482525193421723,0.5606781897059491,2.5948645043922016,0.30938341897777544,-1.2948293998936264
2.52,-0.00853375774510478,-0.24575035205346,0.5627965214622254,2.604668769099259,0.31055232849498,-1.2997218619529864
2.5300000000000002,-0.008566047803811521,-0.2466754521727028,0.5649148532185018,2.6144730338063176,0.31172123801218465,-1.3046143240123467
2.54,-0.00859833786251826,-0.24760055229194558,0.5670331849747781,2.6242772985133755,0.3128901475293892,-1.3095067860717067
2.5500000000000003,-0.008630627921225001,-0.2485256524111884,0.5691515167310545,2.6340815632204335,0.31405905704659387,-1.314399248131067
2.56,-0.00866291797993174,-0.2494507525304312,0.5712698484873308,2.6438858279274915,0.3152279665637985,-1.3192917101904271
2.57,-0.008695208038638479,-0.25037585264967394,0.573388180243607,2.6536900926345495,0.31639687608100303,-1.3241841722497871
2.58,-0.00872749809734522,-0.2513009527689168,0.5755065119998835,2.663494357341608,0.3175657855982077,-1.3290766343091474
2.59,-0.008759788156051959,-0.2522260528881596,0.5776248437561597,2.6732986220486654,0.31873469511541225,-1.3339690963685074
2.6,-0.0087920782147587,-0.2531511530074024,0.5797431755124361,2.683102886755724,0.3199036046326169,-1.3388615584278676
2.61,-0.00882107480274922,-0.2539818962169855,0.5816454449917778,2.6919071514627815,0.3209532895519418,-1.343255006822711
2.62,-0.00885007139073974,-0.25481263942656873,0.5835477144711196,2.700711416169839,0.3220029744712668,-1.3476484552175543
2.63,-0.00887906797873026,-0.2556433826361519,0.5854499839504613,2.7095156808768968,0.3230526593905917,-1.3520419036123976
2.64,-0.00890806456672078,-0.2564741258457351,0.587352253429803,2.718319945583955,0.3241023443099167,-1.3564353520072412
2.65,-0.008937061154711299,-0.25730486905531824,0.5892545229091447,2.7271242102910125,0.3251520292292416,-1.3608288004020845
2.66,-0.00896605774270182,-0.2581356122649014,0.5911567923884865,2.73592847499807,0.3262017141485665,-1.3652222487969279
2.67,-0.008995054330692339,-0.25896635547448454,0.5930590618678282,2.7447327397051278,0.32725139906789147,-1.3696156971917712
2.68,-0.00902405091868286,-0.25979709868406775,0.5949613313471699,2.753537004412186,0.3283010839872164,-1.3740091455866148
2.69,-0.009053047506673378,-0.2606278418936509,0.5968636008265116,2.762341269119243,0.32935076890654136,-1.378402593981458
2.7,-0.0090820440946639,-0.2614585851032341,0.5987658703058534,2.771145533826301,0.3304004538258663,-1.3827960423763015
2.71,-0.00910774721193821,-0.2621949714031576,0.6004520775082605,2.778949798533359,0.3313309141473116,-1.3866904771066282
2.72,-0.00913345032921252,-0.26293135770308124,0.6021382847106677,2.7867540632404166,0.33226137446875686,-1.390584911836955
2.73,-0.00915915344648683,-0.26366774400300474,0.6038244919130747,2.7945583279474744,0.33319183479020215,-1.3944793465672818
2.74,-0.00918485656376114,-0.2644041303029283,0.6055106991154819,2.802362592654532,0.3341222951116474,-1.3983737812976087
2.75,-0.00921055968103545,-0.2651405166028519,0.607196906317889,2.8101668573615894,0.3350527554330927,-1.4022682160279354
2.7600000000000002,-0.00923626279830976,-0.26587690290277544,0.6088831135202962,2.8179711220686476,0.335983215754538,-1.4061626507582623
2.77,-0.009261965915584069,-0.26661328920269894,0.6105693207227033,2.825775386775705,0.33691367607598327,-1.410057085488589
2.7800000000000002,-0.009287669032858381,-0.2673496755026225,0.6122555279251105,2.833579651482763,0.3378441363974286,-1.413951520218916
2.79,-0.00931337215013269,-0.26808606180254607,0.6139417351275176,2.8413839161898204,0.33877459671887383,-1.4178459549492426
2.8000000000000003,-0.009339075267407002,-0.26882244810246964,0.6156279423299248,2.8491881808968786,0.33970505704031917,-1.4217403896795695
2.81,-0.009361484913965091,-0.2694644774927335,0.6170980872553973,2.855992445603936,0.3405162927638848,-1.4251358107453795
2.82,-0.00938389456052318,-0.2701065068829974,0.6185682321808698,2.862796710310994,0.34132752848745035,-1.4285312318111894
2.83,-0.00940630420708127,-0.2707485362732614,0.6200383771063422,2.869600975018052,0.342138764211016,-1.4319266528769996
2.84,-0.00942871385363936,-0.2713905656635253,0.6215085220318148,2.876405239725109,0.34294999993458164,-1.4353220739428096
2.85,-0.00945112350019745,-0.27203259505378924,0.6229786669572873,2.883209504432167,0.34376123565814726,-1.4387174950086197
2.86,-0.00947353314675554,-0.27267462444405316,0.6244488118827598,2.890013769139225,0.3445724713817129,-1.4421129160744297
2.87,-0.00949594279331363,-0.27331665383431714,0.6259189568082324,2.896818033846283,0.34538370710527855,-1.44550833714024
2.88,-0.00951835243987172,-0.27395868322458106,0.6273891017337049,2.90362229855334,0.34619494282884417,-1.44890375820605
2.89,-0.00954076208642981,-0.274600712614845,0.6288592466591775,2.9104265632603985,0.3470061785524098,-1.45229917927186
2.9,-0.0095631717329879,-0.2752427420051089,0.63032939158465,2.917230827967456,0.3478174142759754,-1.45569460033767
2.91,-0.00958228790882977,-0.27579041448571323,0.631583474233188,2.923035092674514,0.3485094254016614,-1.4585910077389637
2.92,-0.00960140408467164,-0.27633808696631756,0.6328375568817258,2.9288393573815714,0.34920143652734736,-1.461487415140257
2.93,-0.00962052026051351,-0.2768857594469219,0.6340916395302638,2.9346436220886294,0.3498934476530334,-1.4643838225415504
2.94,-0.00963963643635538,-0.27743343192752623,0.6353457221788018,2.940447886795687,0.3505854587787193,-1.467280229942844
2.95,-0.00965875261219725,-0.27798110440813056,0.6365998048273398,2.946252151502745,0.35127746990440534,-1.4701766373441374
2.96,-0.00967786878803912,-0.27852877688873484,0.6378538874758777,2.9520564162098024,0.35196948103009135,-1.4730730447454308
2.97,-0.009696984963880991,-0.27907644936933923,0.6391079701244157,2.9578606809168604,0.3526614921557773,-1.4759694521467244
2.98,-0.00971610113972286,-0.2796241218499435,0.6403620527729537,2.963664945623918,0.3533535032814633,-1.4788658595480177
2.99,-0.00973521731556473,-0.28017179433054784,0.6416161354214917,2.969469210330976,0.3540455144071493,-1.4817622669493113
3.0,-0.0097543334914066,-0.2807194668111522,0.6428702180700295,2.9752734750380334,0.3547375255328353,-1.4846586743506047
3.0100000000000002,-0.009770156196532251,-0.2811727823820969,0.6439082384416329,2.9800777397450915,0.3553103120606417,-1.4870560680873817
3.02,-0.0097859789016579,-0.28162609795304167,0.6449462588132363,2.984882004452149,0.355883098588448,-1.4894534618241586
3.0300000000000002,-0.00980180160678355,-0.2820794135239864,0.6459842791848398,2.989686269159207,0.3564558851162544,-1.4918508555609356
3.04,-0.0098176243119092,-0.28253272909493116,0.6470222995564431,2.994490533866265,0.35702867164406077,-1.4942482492977125
3.0500000000000003,-0.00983344701703485,-0.2829860446658759,0.6480603199280466,2.999294798573323,0.35760145817186717,-1.4966456430344894
3.06,-0.009849269722160499,-0.2834393602368206,0.64909834029965,3.004099063280381,0.3581742446996735,-1.4990430367712662
3.0700000000000003,-0.00986509242728615,-0.28389267580776534,0.6501363606712534,3.0089033279874386,0.3587470312274799,-1.5014404305080433
3.08,-0.009880915132411799,-0.2843459913787101,0.6511743810428567,3.0137075926944967,0.35931981775528626,-1.50383782424482
3.09,-0.009896737837537448,-0.28479930694965483,0.6522124014144601,3.0185118574015544,0.3598926042830926,-1.506235217981597
3.1,-0.0099125605426631,-0.2852526225205996,0.6532504217860635,3.0233161221086124,0.360465390810899,-1.508632611718374
3.11,-0.00992508977707254,-0.2856115811818847,0.6540723798807323,3.0271203868156706,0.36091895274082575,-1.5105309917906342
3.12,-0.00993761901148198,-0.28597053984316984,0.6548943379754012,3.0309246515227284,0.3613725146707525,-1.5124293718628947
3.13,-0.009950148245891419,-0.28632949850445494,0.6557162960700701,3.0347289162297866,0.36182607660067917,-1.514327751935155
3.14,-0.00996267748030086,-0.2866884571657401,0.6565382541647389,3.0385331809368448,0.3622796385306059,-1.5162261320074155
3.15,-0.0099752067147103,-0.2870474158270252,0.6573602122594078,3.0423374456439025,0.36273320046053265,-1.5181245120796758
3.16,-0.00998773594911974,-0.2874063744883103,0.6581821703540767,3.0461417103509607,0.3631867623904594,-1.520022892151936
3.17,-0.01000026518352918,-0.28776533314959546,0.6590041284487455,3.049945975058019,0.36364032432038607,-1.5219212722241966
3.18,-0.01001279441793862,-0.28812429181088056,0.6598260865434143,3.053750239765077,0.3640938862503128,-1.5238196522964569
3.19,-0.01002532365234806,-0.28848325047216566,0.6606480446380831,3.057554504472135,0.36454744818023954,-1.5257180323687172
3.2,-0.0100378528867575,-0.2888422091334508,0.661470002732752,3.061358769179193,0.3650010101101663,-1.5276164124409777
3.21,-0.01004708865045072,-0.28910681088507634,0.6620758985504863,3.064163033886251,0.36533534744221335,-1.5290157788487213
3.22,-0.01005632441414394,-0.28937141263670185,0.6626817943682205,3.0669672985933087,0.36566968477426043,-1.530415145256465
3.23,-0.010065560177837161,-0.28963601438832737,0.6632876901859548,3.069771563300367,0.3660040221063075,-1.5318145116642086
3.24,-0.01007479594153038,-0.2899006161399529,0.663893586003689,3.072575828007425,0.3663383594383546,-1.5332138780719522
3.25,-0.0100840317052236,-0.29016521789157834,0.6644994818214233,3.0753800927144828,0.36667269677040165,-1.5346132444796958
3.2600000000000002,-0.01009326746891682,-0.2904298196432039,0.6651053776391576,3.0781843574215406,0.3670070341024487,-1.5360126108874395
3.27,-0.01010250323261004,-0.29069442139482937,0.6657112734568917,3.0809886221285985,0.3673413714344958,-1.537411977295183
3.2800000000000002,-0.01011173899630326,-0.2909590231464549,0.666317169274626,3.0837928868356568,0.3676757087665429,-1.5388113437029267
3.29,-0.01012097475999648,-0.2912236248980804,0.6669230650923603,3.0865971515427146,0.36801004609858995,-1.5402107101106703
3.3000000000000003,-0.0101302105236897,-0.2914882266497059,0.6675289609100945,3.0894014162497725,0.368344383430637,-1.541610076518414
3.31,-0.0101361528166667,-0.2916584714916718,0.6679187944508942,3.0912056809568305,0.36855949616480443,-1.542510429261641
3.3200000000000003,-0.0101420951096437,-0.2918287163336377,0.6683086279916939,3.0930099456638884,0.3687746088989719,-1.5434107820048681
3.33,-0.0101480374026207,-0.2919989611756036,0.6686984615324935,3.0948142103709464,0.3689897216331393,-1.5443111347480951
3.34,-0.0101539796955977,-0.29216920601756946,0.6690882950732931,3.0966184750780044,0.3692048343673067,-1.545211487491322
3.35,-0.0101599219885747,-0.2923394508595354,0.6694781286140928,3.0984227397850623,0.3694199471014742,-1.5461118402345493
3.36,-0.0101658642815517,-0.29250969570150126,0.6698679621548924,3.1002270044921203,0.3696350598356416,-1.5470121929777763
3.37,-0.010171806574528701,-0.29267994054346713,0.6702577956956921,3.1020312691991783,0.369850172569809,-1.5479125457210032
3.38,-0.0101777488675057,-0.292850185385433,0.6706476292364918,3.1038355339062362,0.3700652853039764,-1.5488128984642302
3.39,-0.0101836911604827,-0.29302043022739893,0.6710374627772914,3.105639798613294,0.3702803980381439,-1.5497132512074574
3.4,-0.0101896334534597,-0.2931906750693648,0.6714272963180911,3.107444063320352,0.3704955107723113,-1.5506136039506844
3.41,-0.01019228227572048,-0.2932665630016711,0.6716010675819561,3.1082483280274102,0.37059139890859905,-1.5510149430293947
3.42,-0.010194931097981261,-0.2933424509339774,0.6717748388458212,3.1090525927344683,0.37068728704488685,-1.5514162821081052
3.43,-0.01019757992024204,-0.29341833886628366,0.6719486101096862,3.109856857441526,0.3707831751811746,-1.5518176211868155
3.44,-0.01020022874250282,-0.29349422679858994,0.6721223813735513,3.110661122148584,0.3708790633174624,-1.5522189602655259
3.45,-0.010202877564763601,-0.2935701147308962,0.6722961526374164,3.111465386855642,0.37097495145375015,-1.5526202993442364
3.46,-0.01020552638702438,-0.29364600266320245,0.6724699239012815,3.1122696515627,0.3710708395900379,-1.5530216384229467
3.47,-0.01020817520928516,-0.29372189059550874,0.6726436951651465,3.1130739162697583,0.3711667277263257,-1.553422977501657
3.48,-0.01021082403154594,-0.293797778527815,0.6728174664290115,3.113878180976816,0.37126261586261344,-1.5538243165803673
3.49,-0.010213472853806721,-0.2938736664601213,0.6729912376928766,3.114682445683874,0.37135850399890125,-1.5542256556590779
3.5,-0.0102161216760675,-0.2939495543924276,0.6731650089567417,3.115486710390932,0.371454392135189,-1.5546269947377882
3.5100000000000002,-0.010216622719530445,-0.29396390913149884,0.6731978790202031,3.1156388427479897,0.3714725300542837,-1.5547029108627752
3.52,-0.01021712376299339,-0.2939782638705701,0.6732307490836644,3.1157909751050474,0.37149066797337843,-1.5547788269877623
3.5300000000000002,-0.010217624806456337,-0.2939926186096413,0.6732636191471258,3.1159431074621056,0.3715088058924732,-1.5548547431127493
